round,button_id,button_name,button_x,button_y,gaze_x,gaze_y,timestamp
1,8,Button 8,1730,720,1300,795,2.946389675140381
1,8,Button 8,1730,720,1209,318,3.0739986896514893
1,8,Button 8,1730,720,1272,318,3.1332244873046875
1,8,Button 8,1730,720,1107,415,3.1895041465759277
1,8,Button 8,1730,720,1313,190,3.2417125701904297
1,8,Button 8,1730,720,1257,284,3.2956955432891846
1,8,Button 8,1730,720,1300,73,3.3502275943756104
1,8,Button 8,1730,720,1313,190,3.4058661460876465
1,8,Button 8,1730,720,1313,318,3.4539268016815186
1,8,Button 8,1730,720,1865,538,3.512305736541748
1,8,Button 8,1730,720,1981,229,3.5708515644073486
1,8,Button 8,1730,720,1865,370,3.622659683227539
1,8,Button 8,1730,720,2045,370,3.6747825145721436
1,8,Button 8,1730,720,1865,579,3.7373781204223633
1,8,Button 8,1730,720,1984,631,3.7955360412597656
1,8,Button 8,1730,720,2048,538,3.8475215435028076
1,8,Button 8,1730,720,2100,579,3.907902717590332
1,8,Button 8,1730,720,1930,818,3.9663918018341064
1,8,Button 8,1730,720,2048,370,4.016720771789551
1,8,Button 8,1730,720,1927,579,4.072307348251343
1,8,Button 8,1730,720,2100,579,4.1237473487854
1,8,Button 8,1730,720,1873,538,4.1870276927948
1,8,Button 8,1730,720,1750,579,4.241866111755371
1,8,Button 8,1730,720,2045,795,4.306039571762085
1,8,Button 8,1730,720,1927,538,4.362582683563232
1,8,Button 8,1730,720,1814,795,4.420360088348389
1,8,Button 8,1730,720,2095,370,4.478445053100586
1,8,Button 8,1730,720,1865,318,4.527272462844849
1,8,Button 8,1730,720,1927,229,4.574969530105591
1,8,Button 8,1730,720,1981,415,4.622530221939087
1,8,Button 8,1730,720,1865,118,4.670593738555908
1,8,Button 8,1730,720,2048,190,4.716587066650391
1,8,Button 8,1730,720,1927,370,4.7662270069122314
1,8,Button 8,1730,720,1927,370,4.816694974899292
1,8,Button 8,1730,720,1927,538,4.864071607589722
1,8,Button 8,1730,720,1927,538,4.912079095840454
1,8,Button 8,1730,720,1981,370,4.955370187759399
1,8,Button 8,1730,720,2042,370,5.012081861495972
1,8,Button 8,1730,720,2045,538,5.061985015869141
1,8,Button 8,1730,720,1814,499,5.114012956619263
1,8,Button 8,1730,720,1814,1324,5.172311305999756
1,8,Button 8,1730,720,1930,976,5.220243453979492
1,8,Button 8,1730,720,1930,976,5.283507585525513
1,8,Button 8,1730,720,1811,476,5.333185195922852
1,8,Button 8,1730,720,1865,476,5.3753461837768555
1,8,Button 8,1730,720,1750,318,5.420147657394409
1,8,Button 8,1730,720,1927,750,5.480652570724487
1,8,Button 8,1730,720,1927,499,5.528658151626587
1,8,Button 8,1730,720,1814,499,5.583632469177246
1,8,Button 8,1730,720,1927,723,5.632826566696167
1,8,Button 8,1730,720,1993,723,5.682668685913086
1,8,Button 8,1730,720,1873,1006,5.741076469421387
1,8,Button 8,1730,720,1879,284,5.795867681503296
2,2,Button 2,1130,420,2067,435,7.9824113845825195
2,2,Button 2,1130,420,2000,402,8.044990539550781
2,2,Button 2,1130,420,2067,435,8.099036455154419
2,2,Button 2,1130,420,2067,435,8.14499831199646
2,2,Button 2,1130,420,2067,647,8.195525884628296
2,2,Button 2,1130,420,1821,243,8.268159866333008
2,2,Button 2,1130,420,1706,0,8.315818071365356
2,2,Button 2,1130,420,1304,213,8.36566686630249
2,2,Button 2,1130,420,1482,83,8.42408299446106
2,2,Button 2,1130,420,1529,83,8.482450008392334
2,2,Button 2,1130,420,1410,643,8.534154891967773
2,2,Button 2,1130,420,1579,139,8.607410192489624
2,2,Button 2,1130,420,1524,0,8.661724328994751
2,2,Button 2,1130,420,1635,83,8.71545958518982
2,2,Button 2,1130,420,1362,213,8.76851201057434
2,2,Button 2,1130,420,1364,402,8.824146747589111
2,2,Button 2,1130,420,1260,546,8.875897645950317
2,2,Button 2,1130,420,1352,83,8.93228554725647
2,2,Button 2,1130,420,1527,118,8.992985725402832
2,2,Button 2,1130,420,1467,243,9.048990488052368
2,2,Button 2,1130,420,1357,305,9.107783555984497
2,2,Button 2,1130,420,1357,402,9.153093814849854
2,2,Button 2,1130,420,1250,343,9.203182458877563
2,2,Button 2,1130,420,1194,83,9.265566110610962
2,2,Button 2,1130,420,1461,343,9.31565260887146
2,2,Button 2,1130,420,1416,0,9.365390062332153
2,2,Button 2,1130,420,1472,0,9.415644645690918
2,2,Button 2,1130,420,1250,159,9.46977186203003
2,2,Button 2,1130,420,1416,237,9.769523620605469
2,2,Button 2,1130,420,1577,0,9.832325458526611
2,2,Button 2,1130,420,1472,159,9.886416673660278
2,2,Button 2,1130,420,1194,142,9.948891162872314
2,2,Button 2,1130,420,1405,83,10.013120889663696
2,2,Button 2,1130,420,1461,0,10.065824031829834
2,2,Button 2,1130,420,1357,83,10.115530014038086
2,2,Button 2,1130,420,1527,419,10.178073406219482
2,2,Button 2,1130,420,1416,0,10.219661712646484
2,2,Button 2,1130,420,1467,22,10.269570589065552
2,2,Button 2,1130,420,1472,0,10.315584897994995
2,2,Button 2,1130,420,1472,0,10.363545417785645
2,2,Button 2,1130,420,1194,0,10.423801183700562
2,2,Button 2,1130,420,1467,0,10.469691514968872
2,2,Button 2,1130,420,1472,0,10.519987106323242
2,2,Button 2,1130,420,1416,83,10.586307048797607
2,2,Button 2,1130,420,1635,0,10.632168292999268
2,2,Button 2,1130,420,1467,0,10.682138919830322
2,2,Button 2,1130,420,1527,83,10.732025146484375
2,2,Button 2,1130,420,1585,0,10.778276443481445
2,2,Button 2,1130,420,1040,83,10.823753833770752
2,2,Button 2,1130,420,1077,0,10.883033275604248
2,2,Button 2,1130,420,1040,0,10.93616247177124
2,2,Button 2,1130,420,1250,0,10.990361213684082
2,2,Button 2,1130,420,1141,0,11.044620275497437
2,2,Button 2,1130,420,1299,142,11.094570636749268
2,2,Button 2,1130,420,1467,0,11.144842386245728
2,2,Button 2,1130,420,1352,449,11.194738626480103
2,2,Button 2,1130,420,1245,0,11.249034404754639
2,2,Button 2,1130,420,1467,0,11.29910659790039
2,2,Button 2,1130,420,1299,97,11.337228059768677
2,2,Button 2,1130,420,1352,142,11.390265464782715
2,2,Button 2,1130,420,1194,113,11.527155637741089
2,2,Button 2,1130,420,1250,237,11.577554941177368
2,2,Button 2,1130,420,1084,28,11.627801895141602
2,2,Button 2,1130,420,1245,474,11.685929298400879
2,2,Button 2,1130,420,1407,449,11.740213871002197
2,2,Button 2,1130,420,1402,142,11.786449193954468
2,2,Button 2,1130,420,1352,274,11.831809043884277
2,2,Button 2,1130,420,1299,343,11.885967493057251
2,2,Button 2,1130,420,1299,142,11.9402015209198
2,2,Button 2,1130,420,1299,0,11.994500637054443
2,2,Button 2,1130,420,1357,0,12.042111873626709
2,2,Button 2,1130,420,1299,142,12.086817979812622
2,2,Button 2,1130,420,1194,0,12.132301092147827
2,2,Button 2,1130,420,1314,142,12.175463199615479
2,2,Button 2,1130,420,1650,159,12.22409462928772
3,7,Button 7,1430,720,1174,143,14.428731679916382
3,7,Button 7,1430,720,1291,189,14.47730278968811
3,7,Button 7,1430,720,1291,143,14.543957948684692
3,7,Button 7,1430,720,1356,286,14.598567008972168
3,7,Button 7,1430,720,1160,56,14.647817373275757
3,7,Button 7,1430,720,1174,12,14.698249101638794
3,7,Button 7,1430,720,1291,254,14.756891250610352
3,7,Button 7,1430,720,1356,419,14.802458047866821
3,7,Button 7,1430,720,1685,691,14.848078966140747
3,7,Button 7,1430,720,1824,768,14.906558990478516
3,7,Button 7,1430,720,1627,716,14.948134183883667
3,7,Button 7,1430,720,1686,716,15.002224445343018
3,7,Button 7,1430,720,1491,547,15.051021099090576
3,7,Button 7,1430,720,1481,993,15.106994152069092
3,7,Button 7,1430,720,1686,963,15.14951753616333
3,7,Button 7,1430,720,1553,691,15.198258876800537
3,7,Button 7,1430,720,1627,768,15.250485181808472
3,7,Button 7,1430,720,1689,460,15.294309377670288
3,7,Button 7,1430,720,1367,288,15.527722835540771
3,7,Button 7,1430,720,1824,88,15.58559799194336
3,7,Button 7,1430,720,1890,178,15.635602235794067
3,7,Button 7,1430,720,1553,88,15.681775093078613
3,7,Button 7,1430,720,1547,164,15.752567529678345
3,7,Button 7,1430,720,1617,392,15.806173086166382
3,7,Button 7,1430,720,1358,392,15.852192640304565
3,7,Button 7,1430,720,1422,392,15.898022174835205
3,7,Button 7,1430,720,1617,232,15.956201076507568
3,7,Button 7,1430,720,1553,117,16.006346225738525
3,7,Button 7,1430,720,1419,369,16.065111875534058
3,7,Button 7,1430,720,1565,124,16.314106225967407
4,1,Button 1,830,420,1188,519,18.51878833770752
4,1,Button 1,830,420,1239,482,18.58597207069397
4,1,Button 1,830,420,943,395,18.631115198135376
4,1,Button 1,830,420,1437,449,18.697489976882935
4,1,Button 1,830,420,1302,406,18.7522292137146
4,1,Button 1,830,420,1378,570,18.810146808624268
4,1,Button 1,830,420,578,413,18.864808559417725
4,1,Button 1,830,420,467,403,18.915567874908447
4,1,Button 1,830,420,490,619,18.973764419555664
4,1,Button 1,830,420,490,619,19.018762588500977
4,1,Button 1,830,420,569,420,19.076634883880615
4,1,Button 1,830,420,446,715,19.13115167617798
4,1,Button 1,830,420,435,487,19.185946464538574
4,1,Button 1,830,420,490,434,19.243773937225342
4,1,Button 1,830,420,514,581,19.297897577285767
4,1,Button 1,830,420,363,793,19.35574698448181
4,1,Button 1,830,420,415,715,19.405942678451538
4,1,Button 1,830,420,550,416,19.452582597732544
4,1,Button 1,830,420,469,456,19.491079330444336
4,1,Button 1,830,420,324,434,19.543109893798828
4,1,Button 1,830,420,552,416,19.601752758026123
4,1,Button 1,830,420,554,495,19.65572237968445
4,1,Button 1,830,420,552,416,19.718343257904053
4,1,Button 1,830,420,640,458,19.768441677093506
4,1,Button 1,830,420,642,495,19.813956260681152
4,1,Button 1,830,420,528,495,19.870519161224365
4,1,Button 1,830,420,642,495,19.91836380958557
4,1,Button 1,830,420,599,619,19.96837019920349
4,1,Button 1,830,420,550,562,20.01408576965332
4,1,Button 1,830,420,469,531,20.062020540237427
4,1,Button 1,830,420,493,531,20.106078624725342
4,1,Button 1,830,420,471,434,20.159977197647095
4,1,Button 1,830,420,640,619,20.205790042877197
4,1,Button 1,830,420,611,531,20.259869813919067
4,1,Button 1,830,420,469,395,20.32345151901245
4,1,Button 1,830,420,530,395,20.38534665107727
4,1,Button 1,830,420,599,416,20.43955397605896
4,1,Button 1,830,420,530,400,20.500504732131958
4,1,Button 1,830,420,589,434,20.555702447891235
4,1,Button 1,830,420,640,434,20.610005140304565
4,1,Button 1,830,420,690,991,20.655742406845093
4,1,Button 1,830,420,550,396,20.843610763549805
4,1,Button 1,830,420,599,397,20.88911724090576
4,1,Button 1,830,420,640,413,20.935016632080078
4,1,Button 1,830,420,589,397,20.980772733688354
4,1,Button 1,830,420,552,397,21.03117036819458
4,1,Button 1,830,420,619,395,21.076860666275024
4,1,Button 1,830,420,685,397,21.11850094795227
4,1,Button 1,830,420,885,395,21.176676750183105
4,1,Button 1,830,420,1001,449,21.226234912872314
5,9,Button 9,830,1020,894,397,23.409446716308594
5,9,Button 9,830,1020,824,391,23.475982427597046
5,9,Button 9,830,1020,908,407,23.531172037124634
5,9,Button 9,830,1020,1009,397,23.578155040740967
5,9,Button 9,830,1020,1009,465,23.631754875183105
5,9,Button 9,830,1020,952,465,23.678180932998657
5,9,Button 9,830,1020,390,689,23.730661153793335
5,9,Button 9,830,1020,650,1268,23.772722721099854
5,9,Button 9,830,1020,390,641,23.83014154434204
5,9,Button 9,830,1020,441,924,23.8760347366333
5,9,Button 9,830,1020,549,924,23.94261336326599
5,9,Button 9,830,1020,499,924,23.992695808410645
5,9,Button 9,830,1020,493,689,24.044751167297363
5,9,Button 9,830,1020,466,505,24.09273624420166
5,9,Button 9,830,1020,420,1268,24.14268970489502
5,9,Button 9,830,1020,420,641,24.205627918243408
5,9,Button 9,830,1020,501,1150,24.267945766448975
5,9,Button 9,830,1020,598,1440,24.319628715515137
5,9,Button 9,830,1020,650,891,24.382577419281006
5,9,Button 9,830,1020,607,891,24.43683099746704
5,9,Button 9,830,1020,607,476,24.4886577129364
5,9,Button 9,830,1020,639,891,24.535515785217285
5,9,Button 9,830,1020,610,891,24.588879346847534
5,9,Button 9,830,1020,589,891,24.642536163330078
5,9,Button 9,830,1020,549,641,24.701003313064575
5,9,Button 9,830,1020,549,1268,24.75517249107361
5,9,Button 9,830,1020,587,958,24.81131672859192
5,9,Button 9,830,1020,587,958,24.86373019218445
5,9,Button 9,830,1020,589,1268,24.90921974182129
5,9,Button 9,830,1020,522,924,24.967925786972046
5,9,Button 9,830,1020,522,1440,25.021891832351685
5,9,Button 9,830,1020,568,1440,25.063893795013428
5,9,Button 9,830,1020,607,641,25.109134197235107
5,9,Button 9,830,1020,700,924,25.172120332717896
5,9,Button 9,830,1020,607,958,25.225943088531494
5,9,Button 9,830,1020,607,1215,25.294856548309326
5,9,Button 9,830,1020,549,1268,25.351199626922607
5,9,Button 9,830,1020,485,924,25.405848503112793
5,9,Button 9,830,1020,607,1312,25.45935583114624
5,9,Button 9,830,1020,466,924,25.517534971237183
5,9,Button 9,830,1020,416,1440,25.572407960891724
5,9,Button 9,830,1020,690,1440,25.625829219818115
5,9,Button 9,830,1020,367,1440,25.671635389328003
5,9,Button 9,830,1020,568,1440,25.713268756866455
5,9,Button 9,830,1020,568,1440,25.763380765914917
5,9,Button 9,830,1020,466,1440,25.80941343307495
5,9,Button 9,830,1020,420,1440,25.863773822784424
5,9,Button 9,830,1020,639,1440,25.91328477859497
5,9,Button 9,830,1020,736,1440,25.97621440887451
5,9,Button 9,830,1020,736,1440,26.02591347694397
5,9,Button 9,830,1020,680,1440,26.080260038375854
5,9,Button 9,830,1020,736,1440,26.143230438232422
5,9,Button 9,830,1020,889,1440,26.21336030960083
5,9,Button 9,830,1020,1065,1440,26.282042503356934
5,9,Button 9,830,1020,1119,1440,26.3316969871521
5,9,Button 9,830,1020,994,1440,26.392514944076538
5,9,Button 9,830,1020,765,1440,26.438938856124878
5,9,Button 9,830,1020,1006,1440,26.48406147956848
5,9,Button 9,830,1020,765,1440,26.550589323043823
5,9,Button 9,830,1020,938,1440,26.613345861434937
5,9,Button 9,830,1020,829,1440,26.667428016662598
5,9,Button 9,830,1020,566,1440,26.717342138290405
5,9,Button 9,830,1020,566,1440,26.771385431289673
5,9,Button 9,830,1020,466,1440,26.829964876174927
5,9,Button 9,830,1020,420,1440,26.880248546600342
5,9,Button 9,830,1020,499,1440,26.919338941574097
5,9,Button 9,830,1020,399,1440,26.967900276184082
5,9,Button 9,830,1020,348,1440,27.017022609710693
5,9,Button 9,830,1020,445,1440,27.067598581314087
5,9,Button 9,830,1020,445,1440,27.113595724105835
5,9,Button 9,830,1020,549,958,27.16356587409973
5,9,Button 9,830,1020,673,1312,27.20890498161316
5,9,Button 9,830,1020,620,1440,27.25130295753479
5,9,Button 9,830,1020,587,1440,27.30071520805359
5,9,Button 9,830,1020,784,1440,27.34232497215271
5,9,Button 9,830,1020,938,1440,27.388054370880127
5,9,Button 9,830,1020,938,1440,27.438148975372314
5,9,Button 9,830,1020,1059,1348,27.48804473876953
5,9,Button 9,830,1020,1006,754,27.53435778617859
5,9,Button 9,830,1020,874,754,27.584195375442505
5,9,Button 9,830,1020,991,731,27.65685749053955
5,9,Button 9,830,1020,1187,562,27.700649976730347
5,9,Button 9,830,1020,1071,958,27.750779151916504
5,9,Button 9,830,1020,1006,958,27.790053129196167
5,9,Button 9,830,1020,891,754,27.838237047195435
5,9,Button 9,830,1020,1006,754,27.888097524642944
5,9,Button 9,830,1020,1006,562,27.94046425819397
5,9,Button 9,830,1020,1065,731,27.98802137374878
5,9,Button 9,830,1020,1006,731,28.03400945663452
5,9,Button 9,830,1020,1006,958,28.079835414886475
5,9,Button 9,830,1020,889,1016,28.1306312084198
5,9,Button 9,830,1020,1071,1016,28.188047885894775
5,9,Button 9,830,1020,824,754,28.257225513458252
5,9,Button 9,830,1020,1132,986,28.31814455986023
5,9,Button 9,830,1020,1009,1016,28.379594802856445
5,9,Button 9,830,1020,781,958,28.429819107055664
5,9,Button 9,830,1020,891,958,28.484025955200195
5,9,Button 9,830,1020,891,958,28.533971309661865
5,9,Button 9,830,1020,958,562,28.579915046691895
5,9,Button 9,830,1020,891,986,28.62543773651123
5,9,Button 9,830,1020,781,986,28.67959690093994
5,9,Button 9,830,1020,824,958,28.74219584465027
5,9,Button 9,830,1020,952,754,28.788074731826782
5,9,Button 9,830,1020,940,1312,28.826648473739624
5,9,Button 9,830,1020,958,986,28.875682592391968
5,9,Button 9,830,1020,958,754,28.925386667251587
5,9,Button 9,830,1020,891,958,28.971320390701294
5,9,Button 9,830,1020,1009,1312,29.02536702156067
5,9,Button 9,830,1020,874,731,29.094333171844482
5,9,Button 9,830,1020,765,958,29.142447233200073
5,9,Button 9,830,1020,891,958,29.209285020828247
5,9,Button 9,830,1020,891,1312,29.279720306396484
5,9,Button 9,830,1020,891,986,29.35050106048584
5,9,Button 9,830,1020,891,754,29.404210805892944
5,9,Button 9,830,1020,891,958,29.45857834815979
5,9,Button 9,830,1020,964,986,29.512948513031006
5,9,Button 9,830,1020,1009,986,29.559165954589844
5,9,Button 9,830,1020,1006,958,29.608790636062622
5,9,Button 9,830,1020,1006,731,29.654666423797607
6,10,Button 10,1130,1020,866,1306,31.952985525131226
6,10,Button 10,1130,1020,914,1347,31.99585509300232
6,10,Button 10,1130,1020,1035,1440,32.054147243499756
6,10,Button 10,1130,1020,972,1440,32.1039936542511
6,10,Button 10,1130,1020,914,1440,32.158573627471924
6,10,Button 10,1130,1020,801,867,32.30574321746826
6,10,Button 10,1130,1020,759,943,32.35438919067383
6,10,Button 10,1130,1020,660,695,32.41240477561951
6,10,Button 10,1130,1020,869,553,32.467299699783325
6,10,Button 10,1130,1020,809,744,32.53965139389038
6,10,Button 10,1130,1020,759,765,32.591670513153076
6,10,Button 10,1130,1020,809,765,32.649986028671265
6,10,Button 10,1130,1020,972,1347,32.70023059844971
6,10,Button 10,1130,1020,1044,1009,32.762524127960205
6,10,Button 10,1130,1020,984,1440,32.81241536140442
6,10,Button 10,1130,1020,1044,1306,32.86694526672363
6,10,Button 10,1130,1020,972,744,32.93902349472046
6,10,Button 10,1130,1020,1096,943,32.987228870391846
6,10,Button 10,1130,1020,1044,976,33.037392139434814
7,6,Button 6,1130,720,884,532,35.22722005844116
7,6,Button 6,1130,720,884,814,35.27680015563965
7,6,Button 6,1130,720,884,647,35.33706331253052
7,6,Button 6,1130,720,929,532,35.39120888710022
7,6,Button 6,1130,720,998,618,35.43290376663208
7,6,Button 6,1130,720,998,618,35.48280119895935
7,6,Button 6,1130,720,884,501,35.528762102127075
7,6,Button 6,1130,720,777,618,35.59540152549744
7,6,Button 6,1130,720,1049,483,35.636837005615234
7,6,Button 6,1130,720,811,749,35.68282175064087
7,6,Button 6,1130,720,721,1042,35.73286461830139
7,6,Button 6,1130,720,712,1042,35.77444076538086
7,6,Button 6,1130,720,712,1042,35.845473527908325
7,6,Button 6,1130,720,884,483,35.90779948234558
7,6,Button 6,1130,720,998,602,35.94942355155945
7,6,Button 6,1130,720,934,618,35.99520468711853
7,6,Button 6,1130,720,1123,647,36.04934525489807
7,6,Button 6,1130,720,1123,618,36.11003398895264
7,6,Button 6,1130,720,1241,647,36.16621208190918
7,6,Button 6,1130,720,1312,1042,36.232746839523315
7,6,Button 6,1130,720,1110,1042,36.27435326576233
7,6,Button 6,1130,720,1454,532,36.32443380355835
7,6,Button 6,1130,720,1245,511,36.36608362197876
7,6,Button 6,1130,720,1110,814,36.41598892211914
7,6,Button 6,1130,720,884,833,36.46230936050415
7,6,Button 6,1130,720,929,662,36.5125093460083
7,6,Button 6,1130,720,998,814,36.55809783935547
7,6,Button 6,1130,720,884,814,36.61191725730896
7,6,Button 6,1130,720,998,647,36.65790581703186
7,6,Button 6,1130,720,887,647,36.703643560409546
7,6,Button 6,1130,720,887,532,36.749228715896606
7,6,Button 6,1130,720,929,532,36.795212745666504
7,6,Button 6,1130,720,986,392,36.85137748718262
7,6,Button 6,1130,720,940,647,36.8951632976532
7,6,Button 6,1130,720,795,647,36.94585347175598
7,6,Button 6,1130,720,1001,677,36.99106407165527
7,6,Button 6,1130,720,943,704,37.04513502120972
7,6,Button 6,1130,720,824,551,37.09511423110962
7,6,Button 6,1130,720,986,532,37.14922046661377
7,6,Button 6,1130,720,940,455,37.195159673690796
7,6,Button 6,1130,720,940,455,37.240970849990845
7,6,Button 6,1130,720,940,532,37.29135704040527
7,6,Button 6,1130,720,934,1388,37.33680534362793
7,6,Button 6,1130,720,980,1262,37.38240194320679
7,6,Button 6,1130,720,881,1440,37.42447209358215
7,6,Button 6,1130,720,1176,1015,37.47012209892273
7,6,Button 6,1130,720,1255,814,37.52001881599426
7,6,Button 6,1130,720,998,1354,37.565974950790405
7,6,Button 6,1130,720,951,483,37.611754179000854
7,6,Button 6,1130,720,929,483,37.65318942070007
7,6,Button 6,1130,720,1001,770,37.69929051399231
7,6,Button 6,1130,720,1049,421,37.74961733818054
7,6,Button 6,1130,720,1001,770,37.795109033584595
7,6,Button 6,1130,720,1461,814,37.83683204650879
7,6,Button 6,1130,720,1245,788,37.886507511138916
7,6,Button 6,1130,720,1384,501,37.94076490402222
7,6,Button 6,1130,720,1322,501,38.00325655937195
8,11,Button 11,1430,1020,1362,464,40.19481039047241
8,11,Button 11,1430,1020,1365,562,40.2448205947876
8,11,Button 11,1430,1020,1231,591,40.303093910217285
8,11,Button 11,1430,1020,1034,483,40.3536536693573
8,11,Button 11,1430,1020,1099,483,40.39920258522034
8,11,Button 11,1430,1020,974,420,40.444703340530396
8,11,Button 11,1430,1020,1099,483,40.50787615776062
8,11,Button 11,1430,1020,1372,1440,40.5571186542511
8,11,Button 11,1430,1020,1369,1440,40.59693622589111
8,11,Button 11,1430,1020,1089,1347,40.64921975135803
8,11,Button 11,1430,1020,1369,1028,40.70721244812012
8,11,Button 11,1430,1020,1369,1028,40.757460594177246
8,11,Button 11,1430,1020,1153,1347,40.80511212348938
8,11,Button 11,1430,1020,1153,1028,40.857540130615234
8,11,Button 11,1430,1020,1369,1440,40.91307711601257
8,11,Button 11,1430,1020,1228,1261,40.96974968910217
8,11,Button 11,1430,1020,1099,1440,41.01574635505676
8,11,Button 11,1430,1020,1099,1440,41.069571018218994
8,11,Button 11,1430,1020,1231,1308,41.127851247787476
8,11,Button 11,1430,1020,1099,1440,41.182154417037964
8,11,Button 11,1430,1020,1436,1440,41.23190760612488
8,11,Button 11,1430,1020,1436,1440,41.27790403366089
8,11,Button 11,1430,1020,1584,1308,41.344542026519775
8,11,Button 11,1430,1020,1513,1440,41.40071249008179
8,11,Button 11,1430,1020,1433,1440,41.45713996887207
8,11,Button 11,1430,1020,1517,1308,41.51130223274231
8,11,Button 11,1430,1020,1517,1440,41.56788992881775
8,11,Button 11,1430,1020,1516,1440,41.64037203788757
8,11,Button 11,1430,1020,1436,1440,41.69855976104736
8,11,Button 11,1430,1020,1166,1028,41.74448013305664
8,11,Button 11,1430,1020,1369,1028,41.794896841049194
8,11,Button 11,1430,1020,1299,1347,41.85703420639038
8,11,Button 11,1430,1020,1289,1028,41.90257549285889
8,11,Button 11,1430,1020,1218,632,41.96157932281494
8,11,Button 11,1430,1020,1228,1028,42.011170625686646
8,11,Button 11,1430,1020,1108,816,42.05689716339111
8,11,Button 11,1430,1020,919,1054,42.11530947685242
8,11,Button 11,1430,1020,1231,1347,42.1693480014801
8,11,Button 11,1430,1020,1369,1028,42.2194607257843
8,11,Button 11,1430,1020,1099,1440,42.27730894088745
8,11,Button 11,1430,1020,1163,1347,42.33224868774414
8,11,Button 11,1430,1020,1099,1347,42.37900495529175
8,11,Button 11,1430,1020,1228,1028,42.42350482940674
8,11,Button 11,1430,1020,1289,1347,42.48617887496948
8,11,Button 11,1430,1020,1369,1028,42.544854402542114
9,5,Button 5,830,720,1159,1051,44.727421283721924
9,5,Button 5,830,720,1096,1051,44.7835955619812
9,5,Button 5,830,720,1031,1343,44.840025901794434
9,5,Button 5,830,720,1031,835,44.891193866729736
9,5,Button 5,830,720,980,835,44.944130182266235
9,5,Button 5,830,720,980,835,44.98999309539795
9,5,Button 5,830,720,1105,1051,45.047993183135986
9,5,Button 5,830,720,641,1440,45.11694574356079
9,5,Button 5,830,720,546,1051,45.16507887840271
9,5,Button 5,830,720,481,793,45.21880102157593
9,5,Button 5,830,720,372,1025,45.2690327167511
9,5,Button 5,830,720,403,835,45.32774901390076
9,5,Button 5,830,720,427,482,45.381365060806274
9,5,Button 5,830,720,527,482,45.45028328895569
9,5,Button 5,830,720,508,646,45.502315282821655
9,5,Button 5,830,720,566,561,45.54817485809326
9,5,Button 5,830,720,481,464,45.60874676704407
9,5,Button 5,830,720,568,405,45.66495442390442
9,5,Button 5,830,720,427,540,45.71694350242615
9,5,Button 5,830,720,427,674,45.76070594787598
9,5,Button 5,830,720,479,561,45.810943365097046
9,5,Button 5,830,720,527,424,45.86041283607483
9,5,Button 5,830,720,597,530,45.91090536117554
9,5,Button 5,830,720,353,615,45.96482491493225
9,5,Button 5,830,720,597,963,46.006566286087036
9,5,Button 5,830,720,323,1305,46.05644989013672
9,5,Button 5,830,720,469,1440,46.102083921432495
9,5,Button 5,830,720,527,1440,46.15632939338684
9,5,Button 5,830,720,479,1440,46.21463346481323
9,5,Button 5,830,720,508,963,46.26891779899597
9,5,Button 5,830,720,403,1440,46.32305979728699
9,5,Button 5,830,720,566,1440,46.37308931350708
9,5,Button 5,830,720,658,963,46.414631366729736
9,5,Button 5,830,720,757,773,46.469398975372314
9,5,Button 5,830,720,866,773,46.514575481414795
9,5,Button 5,830,720,694,835,46.560545206069946
9,5,Button 5,830,720,597,491,46.623053550720215
9,5,Button 5,830,720,566,646,46.66893696784973
9,5,Button 5,830,720,641,835,46.73131346702576
9,5,Button 5,830,720,638,415,46.781250953674316
9,5,Button 5,830,720,427,406,46.835314989089966
9,5,Button 5,830,720,353,531,46.881221294403076
9,5,Button 5,830,720,353,531,46.92703318595886
9,5,Button 5,830,720,481,493,46.98120474815369
9,5,Button 5,830,720,427,548,47.027247190475464
9,5,Button 5,830,720,694,511,47.07770609855652
9,5,Button 5,830,720,597,630,47.122987508773804
9,5,Button 5,830,720,546,611,47.17321991920471
9,5,Button 5,830,720,597,956,47.22942304611206
9,5,Button 5,830,720,658,586,47.28531885147095
9,5,Button 5,830,720,566,773,47.35192918777466
9,5,Button 5,830,720,597,586,47.404215574264526
9,5,Button 5,830,720,694,773,47.46060371398926
9,5,Button 5,830,720,641,773,47.515374422073364
9,5,Button 5,830,720,548,814,47.560383558273315
9,5,Button 5,830,720,566,1025,47.61489725112915
9,5,Button 5,830,720,384,646,47.662503480911255
9,5,Button 5,830,720,481,835,47.71852421760559
9,5,Button 5,830,720,404,810,47.76455473899841
9,5,Button 5,830,720,597,1078,47.81463813781738
9,5,Button 5,830,720,372,646,47.85358762741089
9,5,Button 5,830,720,481,814,47.901989221572876
9,5,Button 5,830,720,333,511,47.953760385513306
9,5,Button 5,830,720,404,445,48.006110429763794
9,5,Button 5,830,720,446,511,48.06870102882385
10,4,Button 4,1730,420,400,535,50.251622676849365
10,4,Button 4,1730,420,418,554,50.310131549835205
10,4,Button 4,1730,420,400,486,50.364514112472534
10,4,Button 4,1730,420,400,467,50.41007447242737
10,4,Button 4,1730,420,354,467,50.4560706615448
10,4,Button 4,1730,420,402,418,50.50184154510498
10,4,Button 4,1730,420,1681,564,50.5534303188324
10,4,Button 4,1730,420,1684,486,50.60167717933655
10,4,Button 4,1730,420,1902,486,50.65163612365723
10,4,Button 4,1730,420,1463,852,50.70148181915283
10,4,Button 4,1730,420,1754,486,50.77060055732727
10,4,Button 4,1730,420,2243,413,50.81507587432861
10,4,Button 4,1730,420,2073,435,50.86019468307495
10,4,Button 4,1730,420,1754,455,50.903908491134644
10,4,Button 4,1730,420,1754,455,50.95574760437012
10,4,Button 4,1730,420,1605,416,51.01826477050781
10,4,Button 4,1730,420,1910,472,51.07227945327759
10,4,Button 4,1730,420,1463,472,51.12245559692383
10,4,Button 4,1730,420,1605,425,51.172250270843506
10,4,Button 4,1730,420,1605,435,51.23096752166748
10,4,Button 4,1730,420,1463,418,51.28477692604065
10,4,Button 4,1730,420,1463,418,51.351457357406616
10,4,Button 4,1730,420,1463,418,51.40817165374756
10,4,Button 4,1730,420,1327,413,51.458009481430054
10,4,Button 4,1730,420,1605,418,51.514931440353394
10,4,Button 4,1730,420,1754,413,51.58338236808777
10,4,Button 4,1730,420,1754,422,51.647374868392944
10,4,Button 4,1730,420,2061,455,51.70555257797241
10,4,Button 4,1730,420,1754,413,51.75552749633789
10,4,Button 4,1730,420,2073,442,51.80974626541138
10,4,Button 4,1730,420,1077,413,51.8808958530426
10,4,Button 4,1730,420,1463,416,51.93111443519592
10,4,Button 4,1730,420,1327,436,51.99962377548218
10,4,Button 4,1730,420,1673,425,52.051459550857544
10,4,Button 4,1730,420,1754,413,52.097370624542236
10,4,Button 4,1730,420,1538,472,52.15138864517212
10,4,Button 4,1730,420,1754,418,52.19911766052246
10,4,Button 4,1730,420,1605,472,52.25141215324402
10,4,Button 4,1730,420,1754,455,52.307541370391846
10,4,Button 4,1730,420,1754,472,52.355494022369385
10,4,Button 4,1730,420,1910,455,52.39753532409668
10,4,Button 4,1730,420,1754,435,52.43991303443909
10,4,Button 4,1730,420,1837,486,52.48900842666626
10,4,Button 4,1730,420,1680,472,52.55131793022156
10,4,Button 4,1730,420,1605,472,52.6019561290741
10,4,Button 4,1730,420,1754,527,52.65175533294678
10,4,Button 4,1730,420,1673,435,52.70528316497803
10,4,Button 4,1730,420,1531,435,52.75738883018494
10,4,Button 4,1730,420,1754,435,52.80541658401489
10,4,Button 4,1730,420,1750,435,52.85961675643921
10,4,Button 4,1730,420,1750,472,52.90539789199829
10,4,Button 4,1730,420,1673,435,52.95989418029785
10,4,Button 4,1730,420,1754,527,53.00539302825928
10,4,Button 4,1730,420,1605,417,53.05998134613037
10,4,Button 4,1730,420,1754,455,53.114169120788574
10,4,Button 4,1730,420,1684,472,53.16378378868103
10,4,Button 4,1730,420,1750,435,53.21829414367676
10,4,Button 4,1730,420,1605,435,53.26393222808838
10,4,Button 4,1730,420,1754,435,53.3224937915802
10,4,Button 4,1730,420,1605,472,53.37201118469238
10,4,Button 4,1730,420,1670,435,53.432477712631226
10,4,Button 4,1730,420,1833,455,53.48047089576721
10,4,Button 4,1730,420,1754,455,53.53492045402527
10,4,Button 4,1730,420,1605,472,53.58249592781067
10,4,Button 4,1730,420,1833,455,53.63488245010376
10,4,Button 4,1730,420,1993,455,53.69709348678589
10,4,Button 4,1730,420,1605,435,53.755462646484375
11,3,Button 3,1430,420,1473,423,55.97593307495117
11,3,Button 3,1430,420,1549,408,56.03052568435669
11,3,Button 3,1430,420,1616,525,56.0891592502594
11,3,Button 3,1430,420,1845,452,56.142539978027344
11,3,Button 3,1430,420,1845,612,56.208863258361816
11,3,Button 3,1430,420,1473,452,56.27980422973633
11,3,Button 3,1430,420,1473,452,56.33181142807007
11,3,Button 3,1430,420,1473,435,56.384202003479004
11,3,Button 3,1430,420,1280,503,56.43444895744324
11,3,Button 3,1430,420,1403,435,56.472657203674316
11,3,Button 3,1430,420,1403,503,56.52193784713745
11,3,Button 3,1430,420,1616,452,56.57365584373474
11,3,Button 3,1430,420,1549,525,56.62621736526489
11,3,Button 3,1430,420,1549,525,56.696712017059326
11,3,Button 3,1430,420,1542,421,56.75493574142456
11,3,Button 3,1430,420,1616,525,56.80111527442932
11,3,Button 3,1430,420,1283,452,56.86329221725464
11,3,Button 3,1430,420,1553,503,56.92613625526428
11,3,Button 3,1430,420,1546,484,57.10102963447571
11,3,Button 3,1430,420,1473,484,57.15486717224121
11,3,Button 3,1430,420,1845,583,57.204798221588135
11,3,Button 3,1430,420,1766,439,57.257219314575195
11,3,Button 3,1430,420,1696,503,57.306065797805786
11,3,Button 3,1430,420,1766,503,57.35468006134033
11,3,Button 3,1430,420,1692,439,57.39683532714844
11,3,Button 3,1430,420,1616,484,57.44678711891174
11,3,Button 3,1430,420,1616,408,57.50076365470886
11,3,Button 3,1430,420,1766,409,57.550355195999146
11,3,Button 3,1430,420,1337,409,57.596508741378784
11,3,Button 3,1430,420,1927,583,57.655168294906616
12,12,Button 12,1730,1020,1378,435,59.93980646133423
12,12,Button 12,1730,1020,1572,468,59.992026567459106
12,12,Button 12,1730,1020,1374,409,60.037625312805176
12,12,Button 12,1730,1020,1130,412,60.09016036987305
12,12,Button 12,1730,1020,1381,418,60.158632040023804
12,12,Button 12,1730,1020,1572,435,60.20486354827881
12,12,Button 12,1730,1020,1644,815,60.26695966720581
12,12,Button 12,1730,1020,1381,1372,60.317002296447754
12,12,Button 12,1730,1020,1381,1372,60.362815380096436
12,12,Button 12,1730,1020,1512,1025,60.41704869270325
12,12,Button 12,1730,1020,1647,1340,60.475361824035645
12,12,Button 12,1730,1020,1710,1440,60.54378008842468
12,12,Button 12,1730,1020,1710,1025,60.591856479644775
12,12,Button 12,1730,1020,1572,1340,60.650450229644775
12,12,Button 12,1730,1020,1572,1302,60.696319341659546
12,12,Button 12,1730,1020,1586,1440,60.75070238113403
12,12,Button 12,1730,1020,1572,1025,60.80022430419922
12,12,Button 12,1730,1020,1509,1302,60.841856479644775
12,12,Button 12,1730,1020,1710,1302,60.89398646354675
12,12,Button 12,1730,1020,1438,1440,60.950115442276
12,12,Button 12,1730,1020,1381,1051,61.00027012825012
12,12,Button 12,1730,1020,1509,1051,61.04989957809448
12,12,Button 12,1730,1020,1438,1340,61.10464954376221
12,12,Button 12,1730,1020,1509,815,61.163082122802734
12,12,Button 12,1730,1020,1381,1340,61.225285053253174
12,12,Button 12,1730,1020,1438,618,61.2750301361084
12,12,Button 12,1730,1020,1381,1025,61.33573651313782
12,12,Button 12,1730,1020,1381,649,61.39175820350647
12,12,Button 12,1730,1020,1647,1440,61.442038774490356
12,12,Button 12,1730,1020,2002,1440,61.48766756057739
12,12,Button 12,1730,1020,1706,1440,61.60518193244934
12,12,Button 12,1730,1020,1787,963,61.65405011177063
12,12,Button 12,1730,1020,1787,963,61.71071982383728
12,12,Button 12,1730,1020,1788,1440,61.75460195541382
12,12,Button 12,1730,1020,1710,1302,61.80047869682312
12,12,Button 12,1730,1020,1788,1440,61.85018968582153
12,12,Button 12,1730,1020,1853,1302,61.895880460739136
12,12,Button 12,1730,1020,1647,1302,61.95231914520264
12,12,Button 12,1730,1020,1710,1025,62.00822424888611
12,12,Button 12,1730,1020,1572,1340,62.07708024978638
12,12,Button 12,1730,1020,1651,1340,62.12492918968201
12,12,Button 12,1730,1020,1441,1025,62.171298027038574
12,12,Button 12,1730,1020,1572,1340,62.22921276092529
12,12,Button 12,1730,1020,1441,1302,62.2749240398407
12,12,Button 12,1730,1020,1647,1340,62.329232692718506
12,12,Button 12,1730,1020,1647,1340,62.38330960273743
12,12,Button 12,1730,1020,1713,1440,62.42919421195984
12,12,Button 12,1730,1020,1647,1025,62.47703409194946
12,12,Button 12,1730,1020,1572,1340,62.52919626235962
12,12,Button 12,1730,1020,1572,1440,62.574920892715454
12,12,Button 12,1730,1020,1572,1440,62.62911105155945
12,12,Button 12,1730,1020,2319,1440,62.735472679138184
12,12,Button 12,1730,1020,2486,1440,62.78740334510803
12,12,Button 12,1730,1020,2426,1302,62.849977016448975
12,12,Button 12,1730,1020,1713,994,62.90815806388855
12,12,Button 12,1730,1020,1788,1340,62.96648859977722
12,12,Button 12,1730,1020,1572,1340,63.02978563308716
12,12,Button 12,1730,1020,1572,1051,63.08333420753479
12,12,Button 12,1730,1020,1509,1025,63.14036512374878
12,12,Button 12,1730,1020,1509,1340,63.193732261657715
12,12,Button 12,1730,1020,1781,1340,63.24174904823303
12,12,Button 12,1730,1020,1644,1025,63.299922704696655
12,12,Button 12,1730,1020,1644,1340,63.35814380645752
12,12,Button 12,1730,1020,1788,1025,63.40800905227661
12,12,Button 12,1730,1020,1713,963,63.47730493545532
12,12,Button 12,1730,1020,1572,1025,63.53331780433655
12,12,Button 12,1730,1020,1647,1051,63.59158730506897
12,12,Button 12,1730,1020,1647,1340,63.65404748916626
12,12,Button 12,1730,1020,1572,1051,63.71706485748291
12,12,Button 12,1730,1020,1647,815,63.77110433578491
12,12,Button 12,1730,1020,1788,1051,63.84422945976257
12,12,Button 12,1730,1020,1938,1077,63.90810441970825
12,12,Button 12,1730,1020,1644,1051,63.98533844947815
12,12,Button 12,1730,1020,1788,1077,64.03777551651001
12,12,Button 12,1730,1020,1788,815,64.10215044021606
12,12,Button 12,1730,1020,1710,1025,64.1501829624176
12,12,Button 12,1730,1020,1788,836,64.2045783996582
12,12,Button 12,1730,1020,1710,1051,64.25009489059448
12,12,Button 12,1730,1020,1572,1025,64.29971051216125
12,12,Button 12,1730,1020,1441,1077,64.34973764419556
12,12,Button 12,1730,1020,1509,836,64.39964866638184
12,12,Button 12,1730,1020,1572,1051,64.45784091949463
12,12,Button 12,1730,1020,1572,1077,64.50844240188599
12,12,Button 12,1730,1020,1710,873,64.56644105911255
12,12,Button 12,1730,1020,1572,1077,64.62047553062439
12,12,Button 12,1730,1020,1710,836,64.67097854614258
12,12,Button 12,1730,1020,1710,836,64.72514653205872
12,12,Button 12,1730,1020,1713,1077,64.77463817596436
